mission,phase,model_type,data,model_name,timestamp,window_size,channels,event_wise_precision,event_wise_recall,event_wise_f0.5,subsystem_aware_precision,subsystem_aware_recall,subsystem_aware_f0.5,channel_aware_precision,channel_aware_recall,channel_aware_f0.5,alarming_precision,adtqc_after_ratio,adtqc_score,affiliation_based_precision,affiliation_based_recall,affiliation_based_f0.5
2,4,AutoEnconderFullWindow,train,Phase4_target_window50_percentile99_epochs25_lr0.0001__2025-01-06_01-22-42,2025-01-06 01:20:18,50,target,0.7688871462524617,0.78125,0.7713283159578112,0.771484375,0.755859375,0.7634294958513709,0.7652230683940243,0.24505210319278153,0.512241392022978,0.17286084701815038,0.9949748743718593,0.985678253657112,0.8671941247057978,0.7435175670275871,0.8392732181462385
2,4,AutoEnconderFullWindow,val,Phase4_target_window50_percentile99_epochs25_lr0.0001__2025-01-06_01-22-42,2025-01-06 01:20:18,50,target,0.14035130553336114,0.9259259259259259,0.16903362753474527,0.9259259259259259,0.9074074074074074,0.9197530864197532,0.9206349206349207,0.23104829976175004,0.5666876228647731,0.2,1.0,0.9984139219020185,0.928241035598119,0.8785410415493344,0.9178562165981731
2,4,AutoEnconderFullWindow,test,Phase4_target_window50_percentile99_epochs25_lr0.0001__2025-01-06_01-22-42,2025-01-06 01:20:18,50,target,0.6535095577790572,0.9033149171270718,0.6917704013495469,0.8908839779005525,0.8676335174953961,0.880189772627618,0.8913301324212926,0.23797652575856054,0.5446705784836713,0.21727574750830564,1.0,0.993941775905634,0.8916079783603761,0.8668394435847822,0.8865416795016298
2,4,AutoEnconderLastEvent,train,Phase4_target_window50_percentile99_epochs25_lr0.0001__2025-01-06_08-12-22,2025-01-06 11:25:01,50,target,0.6912901089144611,0.7265625,0.6980679221804689,0.71484375,0.7024739583333333,0.7083981556637806,0.7081129807692308,0.1702280064479787,0.4085343804585765,0.19294605809128632,1.0,0.9910189063099881,0.8413627606819205,0.6966238769309386,0.8077953228712192
2,4,AutoEnconderLastEvent,val,Phase4_target_window50_percentile99_epochs25_lr0.0001__2025-01-06_08-12-22,2025-01-06 11:25:01,50,target,1.0,0.9259259259259259,0.9842519685039369,0.9259259259259259,0.9074074074074074,0.9197530864197532,0.9259259259259259,0.17446123023608404,0.47946700206119225,0.16339869281045752,1.0,0.9984136101272693,0.9629629629629629,0.922162147189689,0.9545164979020971
2,4,AutoEnconderLastEvent,test,Phase4_target_window50_percentile99_epochs25_lr0.0001__2025-01-06_08-12-22,2025-01-06 11:25:01,50,target,0.33725492642354543,0.8342541436464088,0.3828736114856098,0.7886740331491713,0.7912062615101288,0.7821812740666331,0.7774865174727053,0.15332849687957995,0.3951494020974676,0.22826908541194255,1.0,0.9922075275244904,0.8221166454872697,0.7797491220991518,0.8132787753165351
2,4,VariationalAutoencoderFullWindow,train,Phase4_target_window50_percentile99_epochs25_lr0.0001__2025-01-06_22-14-29,2025-01-06 23:28:16,50,target,0.027988780396905142,0.97265625,0.0347360874387701,0.951171875,0.9264322916666667,0.9388669056637806,0.8695902079691142,0.4306821885170092,0.7097468424965954,0.08163934426229508,1.0,0.9945677366147204,0.8201249239951904,0.5149506115729692,0.733219586602737
2,4,VariationalAutoencoderFullWindow,val,Phase4_target_window50_percentile99_epochs25_lr0.0001__2025-01-06_22-14-29,2025-01-06 23:28:16,50,target,0.008123757903867039,1.0,0.010134115604398815,1.0,0.9814814814814815,0.9938271604938272,0.9851851851851853,0.4589316655837123,0.7961287557056046,0.10843373493975904,1.0,0.9991025156200224,0.8039683007019514,0.40460571237868226,0.6714237025805986
2,4,VariationalAutoencoderFullWindow,test,Phase4_target_window50_percentile99_epochs25_lr0.0001__2025-01-06_22-14-29,2025-01-06 23:28:16,50,target,0.03702097027997132,0.994475138121547,0.04584950704989465,0.9668508287292817,0.9417587476979743,0.9544345885851411,0.9402746093414764,0.4389252028392813,0.7522714642336196,0.10022271714922049,0.9971830985915493,0.9924948816333066,0.833180338456616,0.47929168795066,0.7259745728102466
2,4,VariationalAutoencoderLastEvent,train,Phase4_target_window50_percentile99_epochs25_lr0.0001__2025-01-07_07-59-48,2025-01-07 08:48:27,50,target,0.03710429342514456,0.9609375,0.04593693072119532,0.93359375,0.9108072916666667,0.9219398223304472,0.8618336460822674,0.44649253473227857,0.707611206543321,0.08316430020283976,1.0,0.9943410846607823,0.8402762625167939,0.5498858783787258,0.7600056660234419
2,4,VariationalAutoencoderLastEvent,val,Phase4_target_window50_percentile99_epochs25_lr0.0001__2025-01-07_07-59-48,2025-01-07 08:48:27,50,target,0.009202462729932123,1.0,0.011476674993941333,1.0,0.9814814814814815,0.9938271604938272,0.9783950617283951,0.4781216157678146,0.7968221905938226,0.10843373493975904,1.0,0.999103645199189,0.8384133415827608,0.4465389795426073,0.713229869232866
2,4,VariationalAutoencoderLastEvent,test,Phase4_target_window50_percentile99_epochs25_lr0.0001__2025-01-07_07-59-48,2025-01-07 08:48:27,50,target,0.05219801614323176,0.9917127071823204,0.06440010795712643,0.9668508287292817,0.9417587476979743,0.9544345885851411,0.9296180488883862,0.43394611336724176,0.7402955521209443,0.10019536701088473,0.9971830985915493,0.9916877092391395,0.8638287818109466,0.5441916182362101,0.7730203188297574
2,4,AutoEnconderFullWindow,train,Phase4_Channels18-28_window50_percentile99_epochs25_lr0.0001__2025-01-07_08-49-57,2025-01-07 09:21:31,50,subset,0.9934987140643085,0.6382113821138211,0.8939659323382553,0.6382113821138211,0.6382113821138211,0.6382113821138211,0.6382113821138211,0.09577790096082778,0.2785457505855437,0.12208398133748057,0.9872611464968153,0.9817085452721952,0.8156585187085934,0.6093072773663687,0.7639161386801273
2,4,AutoEnconderFullWindow,val,Phase4_Channels18-28_window50_percentile99_epochs25_lr0.0001__2025-01-07_08-49-57,2025-01-07 09:21:31,50,subset,1.0,0.8888888888888888,0.9756097560975611,0.8888888888888888,0.8888888888888888,0.8888888888888888,0.8888888888888888,0.10546202768424989,0.342756622483718,0.13186813186813187,1.0,0.9980106971385831,0.9444444444444444,0.8842506132463924,0.9317588697258355
2,4,AutoEnconderFullWindow,test,Phase4_Channels18-28_window50_percentile99_epochs25_lr0.0001__2025-01-07_08-49-57,2025-01-07 09:21:31,50,subset,0.9956670100502175,0.6571428571428571,0.9026661391463587,0.6571428571428571,0.6571428571428571,0.6571428571428571,0.6571428571428571,0.09116738816738817,0.2790143720417005,0.18930041152263374,1.0,0.9961955840700906,0.8275992450525098,0.6335867388408223,0.7798398241398017
2,4,AutoEnconderLastEvent,train,Phase4_Channels18-28_window50_percentile99_epochs25_lr0.0001__2025-01-07_09-23-30,2025-01-07 09:56:25,50,subset,0.9994293208382767,0.7439024390243902,0.9351831453908556,0.7439024390243902,0.7439024390243902,0.7439024390243902,0.7368563685636856,0.1683360902873098,0.4140589050359295,0.15601023017902813,0.989010989010989,0.9756449071461794,0.8663397959749114,0.714581481642937,0.8310415230909849
2,4,AutoEnconderLastEvent,val,Phase4_Channels18-28_window50_percentile99_epochs25_lr0.0001__2025-01-07_09-23-30,2025-01-07 09:56:25,50,subset,1.0,0.9259259259259259,0.9842519685039369,0.9259259259259259,0.9259259259259259,0.9259259259259259,0.9259259259259259,0.14779007001229225,0.4335003590804384,0.13812154696132597,1.0,0.9980790778912696,0.9629629629629629,0.921882422527013,0.9544565439898679
2,4,AutoEnconderLastEvent,test,Phase4_Channels18-28_window50_percentile99_epochs25_lr0.0001__2025-01-07_09-23-30,2025-01-07 09:56:25,50,subset,0.9999993849303936,0.8114285714285714,0.9555850150162273,0.8114285714285714,0.8114285714285714,0.8114285714285714,0.8104761904761906,0.1617728303442589,0.43005079753378544,0.2132132132132132,1.0,0.9925312801287497,0.9064396124148646,0.7941773578399286,0.8815179273539501
2,4,VariationalAutoencoderFullWindow,train,Phase4_Channels18-28_window50_percentile99_epochs25_lr0.0001__2025-01-07_09-57-10,2025-01-07 10:33:45,50,subset,0.09459735277002129,0.9634146341463414,0.11541358585172892,0.9634146341463414,0.9634146341463414,0.9634146341463414,0.9267615176151762,0.43675620901230655,0.7091401260425149,0.07519035532994923,1.0,0.9969866537159526,0.9010078904649721,0.7473667969575241,0.8654256454270363
2,4,VariationalAutoencoderFullWindow,val,Phase4_Channels18-28_window50_percentile99_epochs25_lr0.0001__2025-01-07_09-57-10,2025-01-07 10:33:45,50,subset,0.020485978246234136,1.0,0.025476992529109965,1.0,1.0,1.0,1.0,0.3053230719897386,0.6768061738753623,0.08231707317073171,1.0,0.9979587073597471,0.9074628712468308,0.5752588765077219,0.8135052763044271
2,4,VariationalAutoencoderFullWindow,test,Phase4_Channels18-28_window50_percentile99_epochs25_lr0.0001__2025-01-07_09-57-10,2025-01-07 10:33:45,50,subset,0.11493440900344244,0.9942857142857143,0.13963279957762725,0.9942857142857143,0.9942857142857143,0.9942857142857143,0.9764285714285714,0.3840175221603793,0.7221285871277328,0.081786133960047,0.9942528735632183,0.9905263933929431,0.9182796651042646,0.7964143830728612,0.891011603974419
2,4,VariationalAutoencoderLastEvent,train,Phase4_Channels18-28_window50_percentile99_epochs25_lr0.0001__2025-01-07_10-34-55,2025-01-07 11:17:23,50,subset,0.10215526163742121,0.9634146341463414,0.12439649467418784,0.9634146341463414,0.9634146341463414,0.9634146341463414,0.9312330623306232,0.43883111017257354,0.7084542164139358,0.07808896210873147,1.0,0.9954597591335661,0.8942837891392702,0.7512553057808001,0.8614810066817778
2,4,VariationalAutoencoderLastEvent,val,Phase4_Channels18-28_window50_percentile99_epochs25_lr0.0001__2025-01-07_10-34-55,2025-01-07 11:17:23,50,subset,0.026064959506079982,1.0,0.03237026695823314,1.0,1.0,1.0,1.0,0.32290631179520063,0.6936364307954025,0.08181818181818182,1.0,0.9989859982497669,0.9137971360256026,0.6324545168341489,0.8391401071542931
2,4,VariationalAutoencoderLastEvent,test,Phase4_Channels18-28_window50_percentile99_epochs25_lr0.0001__2025-01-07_10-34-55,2025-01-07 11:17:23,50,subset,0.11655535629084522,0.9942857142857143,0.14154600515393584,0.9942857142857143,0.9942857142857143,0.9942857142857143,0.972904761904762,0.38686693465264893,0.7221788021812646,0.08650260999254288,0.9971181556195965,0.9927354388205321,0.9169509432290486,0.7843420947160946,0.8869592728488068
2,3,AutoEnconderFullWindow,train,Phase3_target_window50_percentile99_epochs25_lr0.0001__2025-01-07_11-32-03,2025-01-07 11:59:35,50,target,0.3725055370108277,0.8287671232876712,0.41859545027719913,0.8287671232876712,0.800228310502283,0.8182262942536915,0.819634703196347,0.16743128252451903,0.4403175011020451,0.05297723292469352,1.0,0.9829076889336643,0.8970719682547142,0.7845414510082814,0.872055357514142
2,3,AutoEnconderFullWindow,val,Phase3_target_window50_percentile99_epochs25_lr0.0001__2025-01-07_11-32-03,2025-01-07 11:59:35,50,target,0.5317243095108805,0.8928571428571429,0.5785232253750109,0.8928571428571429,0.869047619047619,0.8826530612244898,0.8928571428571429,0.20069031477147353,0.5068336573971882,0.04655493482309125,1.0,0.9971224798963634,0.9204986602596433,0.8771981725290601,0.9114999203277558
2,3,AutoEnconderFullWindow,test,Phase3_target_window50_percentile99_epochs25_lr0.0001__2025-01-07_11-32-03,2025-01-07 11:59:35,50,target,0.0904537725880861,0.9419889502762431,0.11041654943752158,0.9295580110497238,0.9072283609576428,0.919916160420304,0.9293759417378202,0.16449638285386434,0.4568193432350462,0.06767215717404247,0.9941002949852508,0.9931933816105624,0.9285339550107676,0.8960275812993521,0.9218453551852288
2,2,AutoEnconderFullWindow,train,Phase2_target_window50_percentile99_epochs25_lr0.0001__2025-01-07_11-47-25,2025-01-07 12:09:57,50,target,0.9664187344446694,0.7176470588235294,0.9037611448662409,0.7176470588235294,0.707843137254902,0.7146167557932264,0.7029411764705882,0.10550254413655394,0.31459464702245243,0.0449521002210759,0.95,0.9248528427658921,0.837512660581092,0.6723752352747157,0.7982996889146434
2,2,AutoEnconderFullWindow,val,Phase2_target_window50_percentile99_epochs25_lr0.0001__2025-01-07_11-47-25,2025-01-07 12:09:57,50,target,0.08866906513500462,0.9090909090909091,0.10819803138827798,0.75,0.8333333333333333,0.7543617998163454,0.6525260835421263,0.20293104025161446,0.41952424810353717,0.11560693641618497,0.5789473684210527,0.5789387727662626,0.6919251683133807,0.802693229496096,0.7115636870209099
2,2,AutoEnconderFullWindow,test,Phase2_target_window50_percentile99_epochs25_lr0.0001__2025-01-07_11-47-25,2025-01-07 12:09:57,50,target,0.04747098762785337,0.9392265193370166,0.058598306263684605,0.919889502762431,0.8998618784530387,0.9079775158849744,0.9169464513387164,0.1626135667958183,0.43968415452729975,0.08765145656096932,0.7299703264094956,0.7364743035474006,0.7803048236652573,0.8748233746122105,0.7975385161005148
2,1,AutoEnconderFullWindow,train,Phase1_target_window50_percentile99_epochs25_lr0.0001__2025-01-07_12-00-06,2025-01-07 12:39:35,50,target,0.41137808378428165,1.0,0.4662693561638484,0.9285714285714286,1.0,0.9365079365079365,0.8919642857142858,0.3646129663986806,0.6586577401125485,0.07446808510638298,1.0,0.9997763824652423,0.8827137495248188,0.8171544888458234,0.8687736298418719
2,1,AutoEnconderFullWindow,val,Phase1_target_window50_percentile99_epochs25_lr0.0001__2025-01-07_12-00-06,2025-01-07 12:39:35,50,target,0.011170401197138202,1.0,0.013924117003112586,0.5416666666666666,1.0,0.5811965811965811,0.38799857549857547,0.3737373737373737,0.30060788884318296,0.5714285714285714,1.0,0.9999626386302863,0.3552132541452945,0.6325019721246461,0.38935158288392446
2,1,AutoEnconderFullWindow,test,Phase1_target_window50_percentile99_epochs25_lr0.0001__2025-01-07_12-00-06,2025-01-07 12:39:35,50,target,0.0,1.0,0.0,0.289134438305709,1.0,0.3336175158695385,0.36949986441056176,0.6873376624257612,0.40359782748594336,1.0,0.12534818941504178,0.14849915430020774,0.5137146263640257,1.0,0.569059709007172
2,3,AutoEnconderFullWindow,train,Phase3_Channels18-28_window50_percentile99_epochs25_lr0.0001__2025-01-07_12-12-09,2025-01-07 12:50:15,50,subset,0.9908247991343662,0.8,0.945708634098973,0.8,0.8,0.8,0.8,0.20815450422593276,0.4835198941939179,0.040157762638938686,0.9910714285714286,0.9656080789150439,0.8897657766706599,0.7536764701659009,0.8587532305118668
2,3,AutoEnconderFullWindow,val,Phase3_Channels18-28_window50_percentile99_epochs25_lr0.0001__2025-01-07_12-12-09,2025-01-07 12:50:15,50,subset,1.0,0.8888888888888888,0.9756097560975611,0.8888888888888888,0.8888888888888888,0.8888888888888888,0.8888888888888888,0.12962962962962962,0.39022879259339976,0.030534351145038167,1.0,0.9985036314070695,0.9415579547158494,0.8723336757627209,0.9268479006608189
2,3,AutoEnconderFullWindow,test,Phase3_Channels18-28_window50_percentile99_epochs25_lr0.0001__2025-01-07_12-12-09,2025-01-07 12:50:15,50,subset,0.09271114633598167,0.9457142857142857,0.11311664379566348,0.9457142857142857,0.9457142857142857,0.9457142857142857,0.9457142857142857,0.16454968047825191,0.4622552332432051,0.05652322404371585,0.9939577039274925,0.985742293803242,0.955218384218145,0.9127750629066317,0.9464168565755395
2,2,AutoEnconderFullWindow,train,Phase2_Channels18-28_window50_percentile99_epochs25_lr0.0001__2025-01-07_12-25-13,2025-01-07 12:54:35,50,subset,1.0,0.8313253012048193,0.9610027855153203,0.8313253012048193,0.8313253012048193,0.8313253012048193,0.8313253012048193,0.3331829482431892,0.607887222732051,0.049215406562054205,1.0,0.9872409471326167,0.9124274877286928,0.7658481098844581,0.878788375312653
2,2,AutoEnconderFullWindow,val,Phase2_Channels18-28_window50_percentile99_epochs25_lr0.0001__2025-01-07_12-25-13,2025-01-07 12:54:35,50,subset,0.30416691783773825,1.0,0.3533400581854536,1.0,1.0,1.0,0.8358395989974937,0.4970760233918129,0.6991998683075681,0.10270270270270271,0.5882352941176471,0.5882349629202973,0.7099648805857411,0.9308906119823425,0.7453429213390927
2,2,AutoEnconderFullWindow,test,Phase2_Channels18-28_window50_percentile99_epochs25_lr0.0001__2025-01-07_12-25-13,2025-01-07 12:54:35,50,subset,0.0712963259070831,0.96,0.0874958928801266,0.96,0.96,0.96,0.96,0.23943826015254582,0.578418553862041,0.06069364161849711,0.9702380952380952,0.9689760570290057,0.9483694726791786,0.9154183772632736,0.9415908345823943
2,1,AutoEnconderFullWindow,train,Phase1_Channels18-28_window50_percentile99_epochs25_lr0.0001__2025-01-07_12-30-00,2025-01-07 13:14:18,50,subset,1.0,1.0,1.0,1.0,1.0,1.0,1.0,0.8668831168831169,0.9538675610104183,0.11382113821138211,1.0,0.9999927171107966,1.0,0.956090506775471,0.9908983834592309
2,1,AutoEnconderFullWindow,val,Phase1_Channels18-28_window50_percentile99_epochs25_lr0.0001__2025-01-07_12-30-00,2025-01-07 13:14:18,50,subset,1.0,1.0,1.0,1.0,1.0,1.0,1.0,1.0,1.0,0.3076923076923077,1.0,0.9999960799804851,1.0,0.9693940232168524,0.9937251667220727
2,1,AutoEnconderFullWindow,test,Phase1_Channels18-28_window50_percentile99_epochs25_lr0.0001__2025-01-07_12-30-00,2025-01-07 13:14:18,50,subset,0.0004796535347250177,1.0,0.0005994950309286133,1.0,1.0,1.0,0.8521292517006801,0.7043641517212946,0.8033714245811481,0.14181523500810372,0.2507204610951009,0.2640010128761024,0.5190980314827554,0.8050223761436177,0.5587918855714311
2,3,AutoEnconderLastEvent,train,Phase3_target_window50_percentile99_epochs25_lr0.0001__2025-01-07_12-56-16,2025-01-07 13:27:28,50,target,0.5647491452488023,0.5958904109589042,0.5707142569516995,0.5901826484018264,0.5707762557077625,0.581786554389294,0.5940639269406393,0.1267510761192501,0.3189262219203831,0.09897610921501707,1.0,0.988708408786474,0.7911997477400659,0.5926290996924914,0.7415086814445533
2,3,AutoEnconderLastEvent,val,Phase3_target_window50_percentile99_epochs25_lr0.0001__2025-01-07_12-56-16,2025-01-07 13:27:28,50,target,0.3323778716812138,0.8214285714285714,0.37730476233378557,0.8214285714285714,0.8214285714285714,0.8214285714285714,0.8214285714285714,0.16929053918218,0.43293792139539206,0.10454545454545454,1.0,0.9652002971398455,0.8696870388424103,0.8226481075234261,0.8598537694203489
2,3,AutoEnconderLastEvent,test,Phase3_target_window50_percentile99_epochs25_lr0.0001__2025-01-07_12-56-16,2025-01-07 13:27:28,50,target,0.32142305879129274,0.8701657458563536,0.36781300131425887,0.8554327808471456,0.8390883977900553,0.8487745948036003,0.8284136949606563,0.1383754004693071,0.3827509575748562,0.1347305389221557,0.9967105263157895,0.9916906953751191,0.8794388940264366,0.821903010334854,0.8672961833407759
2,2,AutoEnconderLastEvent,train,Phase2_target_window50_percentile99_epochs25_lr0.0001__2025-01-07_13-10-45,2025-01-07 13:37:54,50,target,0.46385046931935786,0.611764705882353,0.48742045420941066,0.5647058823529412,0.5901960784313726,0.5669043374925727,0.5369397759103641,0.10521673020623871,0.27428615228074577,0.1326530612244898,1.0,0.9572741189803476,0.7348645937098688,0.5788524485157683,0.6972785318947631
2,2,AutoEnconderLastEvent,val,Phase2_target_window50_percentile99_epochs25_lr0.0001__2025-01-07_13-10-45,2025-01-07 13:37:54,50,target,0.12697697009028353,0.9090909090909091,0.15336588053579683,0.6515151515151515,0.8636363636363636,0.6703851703851704,0.6058252826104619,0.25292783372926914,0.40074793139140197,0.43478260869565216,0.47368421052631576,0.47352313119723205,0.5813238340704618,0.8358047769488587,0.619018882794174
2,2,AutoEnconderLastEvent,test,Phase2_target_window50_percentile99_epochs25_lr0.0001__2025-01-07_13-10-45,2025-01-07 13:37:54,50,target,0.06727475192357812,0.919889502762431,0.08258353389428705,0.8158379373848988,0.8676335174953959,0.8149827267575885,0.8032068221111933,0.17086409818017342,0.4242697411331064,0.17544783983140147,0.8575949367088608,0.8562015256006726,0.6912065264863059,0.7360491254074522,0.699732540465825
2,1,AutoEnconderLastEvent,train,Phase1_target_window50_percentile99_epochs25_lr0.0001__2025-01-07_13-17-25,2025-01-07 13:52:13,50,target,0.7141773230151769,0.7142857142857143,0.7141989986375029,0.6071428571428571,0.6428571428571429,0.611111111111111,0.6326530612244898,0.1637110904968048,0.3508336901194044,0.47619047619047616,1.0,0.9999669924099841,0.8047323832355041,0.6617925821028973,0.7714092288961497
2,1,AutoEnconderLastEvent,val,Phase1_target_window50_percentile99_epochs25_lr0.0001__2025-01-07_13-17-25,2025-01-07 13:52:13,50,target,0.011710834804455809,0.75,0.014581622514752694,0.25,0.25,0.25,0.25,0.022727272727272728,0.08333333333333333,0.2727272727272727,1.0,0.999968982704191,0.41212916281876294,0.16405807989514537,0.3164337175887008
2,1,AutoEnconderLastEvent,test,Phase1_target_window50_percentile99_epochs25_lr0.0001__2025-01-07_13-17-25,2025-01-07 13:52:13,50,target,0.0,1.0,0.0,0.30432780847145485,0.9797421731123389,0.34888998284650236,0.3973427584460831,0.4786033457006444,0.4005386338317692,1.0,0.40625,0.41661132628190406,0.5137146263640257,1.0,0.569059709007172
2,1,AutoEnconderLastEvent,train,Phase3_Channels18-28_window50_percentile99_epochs25_lr0.0001__2025-01-07_13-38-51,2025-01-07 13:58:43,50,subset,1.0,0.9285714285714286,0.9848484848484849,0.9285714285714286,0.9285714285714286,0.9285714285714286,0.9285714285714286,0.4653679653679654,0.747241480324187,0.08496732026143791,1.0,0.9999893056400359,0.9642857142857143,0.8895393012506662,0.9483481116293302
2,1,AutoEnconderLastEvent,val,Phase3_Channels18-28_window50_percentile99_epochs25_lr0.0001__2025-01-07_13-38-51,2025-01-07 13:58:43,50,subset,1.0,1.0,1.0,1.0,1.0,1.0,1.0,0.41666666666666663,0.762987012987013,0.3076923076923077,1.0,0.9999935464811065,1.0,0.9684599537027554,0.9935287068316446
2,1,AutoEnconderLastEvent,test,Phase3_Channels18-28_window50_percentile99_epochs25_lr0.0001__2025-01-07_13-38-51,2025-01-07 13:58:43,50,subset,0.9856547472860296,0.9828571428571429,0.9850939530290225,0.9828571428571429,0.9828571428571429,0.9828571428571429,0.98,0.22389466089466087,0.5632240328063646,0.09095716552088842,1.0,0.9905505954687751,0.9907797026323658,0.9663058012963851,0.9857862450195463
2,1,AutoEnconderLastEvent,train,Phase1_Channels18-28_window50_percentile99_epochs25_lr0.0001__2025-01-07_13-55-06,2025-01-07 14:04:46,50,subset,1.0,1.0,1.0,1.0,1.0,1.0,1.0,0.6764069264069265,0.9019195090623661,0.0782122905027933,1.0,0.9999927171107966,1.0,0.9515477746986969,0.9899187892646522
2,1,AutoEnconderLastEvent,val,Phase1_Channels18-28_window50_percentile99_epochs25_lr0.0001__2025-01-07_13-55-06,2025-01-07 14:04:46,50,subset,1.0,1.0,1.0,1.0,1.0,1.0,1.0,0.6666666666666666,0.9090909090909091,0.4,1.0,0.9999956288416099,1.0,0.9674827449079558,0.9933228509340183
2,1,AutoEnconderLastEvent,test,Phase1_Channels18-28_window50_percentile99_epochs25_lr0.0001__2025-01-07_13-55-06,2025-01-07 14:04:46,50,subset,0.051923681918845686,0.9828571428571429,0.06405855974009532,0.9828571428571429,0.9828571428571429,0.9828571428571429,0.933490723562152,0.5481834673263244,0.7898763456012003,0.20259128386336867,0.3724340175953079,0.36852965814487526,0.6228159523945938,0.9310087997964595,0.6669737611352969
2,2,AutoEnconderLastEvent,train,Phase2_Channels18-28_window50_percentile99_epochs25_lr0.0001__2025-01-07_13-57-27,2025-01-07 14:09:07,50,subset,1.0,0.891566265060241,0.9762532981530344,0.891566265060241,0.891566265060241,0.891566265060241,0.8851118760757316,0.36859733305516434,0.6620053868760971,0.14741035856573706,1.0,0.9886083012326128,0.9447791164658635,0.8295546449666119,0.9192427023899261
2,2,AutoEnconderLastEvent,val,Phase2_Channels18-28_window50_percentile99_epochs25_lr0.0001__2025-01-07_13-57-27,2025-01-07 14:09:07,50,subset,0.3657634753934271,1.0,0.4188997840297175,1.0,1.0,1.0,0.816374269005848,0.5442317916002126,0.6916246006477275,0.3220338983050847,0.5294117647058824,0.529411732120442,0.6890815163679599,0.9806270701673444,0.7326453763694459
2,2,AutoEnconderLastEvent,test,Phase2_Channels18-28_window50_percentile99_epochs25_lr0.0001__2025-01-07_13-57-27,2025-01-07 14:09:07,50,subset,0.897726457437383,0.96,0.9095263380887985,0.96,0.96,0.96,0.9507619047619047,0.25503566274994843,0.5892836037308045,0.14704595185995623,0.9492537313432836,0.9489463822939854,0.9537412033271297,0.938561886052507,0.9506661874127956
2,3,AutoEnconderLastEvent,train,Phase3_Channels18-28_window50_percentile99_epochs25_lr0.0001__2025-01-07_14-06-25,2025-01-07 14:22:04,50,subset,0.9750777556860281,0.75,0.9198666814988002,0.75,0.75,0.75,0.7482142857142857,0.2571583178726036,0.5051147349974534,0.11254019292604502,0.9809523809523809,0.9565937073784769,0.853249619850135,0.7000994139468716,0.8174838917684267
2,3,AutoEnconderLastEvent,val,Phase3_Channels18-28_window50_percentile99_epochs25_lr0.0001__2025-01-07_14-06-25,2025-01-07 14:22:04,50,subset,0.989598656653864,0.8518518518518519,0.9585970953631965,0.8518518518518519,0.8518518518518519,0.8518518518518519,0.8518518518518519,0.18069584736251404,0.47439452092388784,0.06534090909090909,0.9130434782608695,0.911524118216903,0.9007204585991194,0.8357208575919398,0.8869240553626713
2,3,AutoEnconderLastEvent,test,Phase3_Channels18-28_window50_percentile99_epochs25_lr0.0001__2025-01-07_14-06-25,2025-01-07 14:22:04,50,subset,0.9999832864588747,0.9257142857142857,0.984191179419982,0.9257142857142857,0.9257142857142857,0.9257142857142857,0.9253571428571429,0.2095744176458462,0.526923028628076,0.1410535481062255,1.0,0.9926459423400156,0.9636704659910827,0.9061292436429569,0.9515849142841736
2,3,VariationalAutoencoderFullWindow,train,Phase3_target_window50_percentile99_epochs25_lr0.0001__2025-01-07_14-25-47,2025-01-07 14:55:19,50,target,0.03768713976362049,0.958904109589041,0.046650556132673264,0.9383561643835616,0.910958904109589,0.9265650635513649,0.8076109773027581,0.3011929459998463,0.5852308292883495,0.10802469135802469,1.0,0.9881813445483758,0.7638760134949061,0.5531517418068808,0.709796343748366
2,3,VariationalAutoencoderFullWindow,val,Phase3_target_window50_percentile99_epochs25_lr0.0001__2025-01-07_14-25-47,2025-01-07 14:55:19,50,target,0.03408160030618821,0.9642857142857143,0.04222886735862791,0.9642857142857143,0.9404761904761905,0.9540816326530612,0.9017857142857143,0.3369739964443635,0.6602171394725953,0.08571428571428572,1.0,0.9829361636952196,0.8297094272158828,0.454095293199869,0.7119316806841475
2,3,VariationalAutoencoderFullWindow,test,Phase3_target_window50_percentile99_epochs25_lr0.0001__2025-01-07_14-25-47,2025-01-07 14:55:19,50,target,0.03877612053159231,0.9834254143646409,0.0479970241904383,0.9613259668508287,0.9325506445672193,0.9480646540384109,0.932435422749246,0.305623153438542,0.6464629408623624,0.11066210755362138,1.0,0.9936650870832867,0.7895289963608567,0.4914934201400545,0.7041334235877733
2,2,VariationalAutoencoderFullWindow,train,Phase2_target_window50_percentile99_epochs25_lr0.0001__2025-01-07_14-41-31,2025-01-07 15:17:43,50,target,0.02108547729131784,0.9529411764705882,0.026211850941424922,0.9411764705882353,0.9156862745098039,0.931423478482302,0.6417349807055689,0.3688391450025309,0.5267057431186379,0.09194097616345062,0.9866666666666667,0.9907584097976297,0.6649528392761754,0.45489594654495447,0.6087339347931229
2,2,VariationalAutoencoderFullWindow,val,Phase2_target_window50_percentile99_epochs25_lr0.0001__2025-01-07_14-41-31,2025-01-07 15:17:43,50,target,0.008269757974602316,0.9090909090909091,0.010313742126672883,0.75,0.8181818181818182,0.7455070182342909,0.5590311272624423,0.3920425268511393,0.48697191008430285,0.125,0.6842105263157895,0.6842013856869922,0.6156609131288243,0.6207915291910608,0.6166802406806106
2,2,VariationalAutoencoderFullWindow,test,Phase2_target_window50_percentile99_epochs25_lr0.0001__2025-01-07_14-41-31,2025-01-07 15:17:43,50,target,0.007916695824207585,0.9917127071823204,0.00987615979961726,0.9558011049723757,0.9389963167587477,0.945613146062041,0.8763936907880941,0.3662650299581139,0.6601035346358366,0.1184427581656219,0.7335243553008596,0.7341750353200225,0.6363930048699008,0.4997459492158598,0.6033953590315131
2,1,VariationalAutoencoderFullWindow,train,Phase1_target_window50_percentile99_epochs25_lr0.0001__2025-01-07_14-49-46,2025-01-07 16:05:07,50,target,0.0167809468417223,1.0,0.020888551135601095,0.9642857142857143,1.0,0.9682539682539683,0.6976081458224315,0.48830653473510616,0.6261568458118258,0.10144927536231885,1.0,0.9999595018839947,0.6627693741381462,0.4117988922703992,0.5907615500874533
2,1,VariationalAutoencoderFullWindow,val,Phase1_target_window50_percentile99_epochs25_lr0.0001__2025-01-07_14-49-46,2025-01-07 16:05:07,50,target,0.013634779080295506,1.0,0.016985575208987812,0.41666666666666663,1.0,0.4700854700854701,0.41666666666666663,0.40530303030303033,0.40946285602256927,1.0,1.0,0.9999787052423214,0.4922783202060893,0.8257984873892413,0.5355363750636541
2,1,VariationalAutoencoderFullWindow,test,Phase1_target_window50_percentile99_epochs25_lr0.0001__2025-01-07_14-49-46,2025-01-07 16:05:07,50,target,1.2238574632489557e-05,1.0,1.5298171483658584e-05,0.3420810313075507,0.9864180478821364,0.3884964230155847,0.5179695033682378,0.5764270081727856,0.5189956362156003,1.0,0.5056497175141242,0.5263821414217464,0.5137131434325645,0.9985917077207717,0.568966930601985
2,3,VariationalAutoencoderFullWindow,train,Phase3_Channels18-28_window50_percentile99_epochs25_lr0.0001__2025-01-07_16-07-13,2025-01-07 16:24:56,50,subset,0.025496419790960373,0.9785714285714285,0.03166427366946805,0.9785714285714285,0.9785714285714285,0.9785714285714285,0.7725000000000001,0.43384740259740256,0.613784108145991,0.08509316770186336,1.0,0.9916705200791585,0.7359580941788049,0.5460855437233203,0.6881074529793338
2,3,VariationalAutoencoderFullWindow,val,Phase3_Channels18-28_window50_percentile99_epochs25_lr0.0001__2025-01-07_16-07-13,2025-01-07 16:24:56,50,subset,0.017746485362928388,0.9259259259259259,0.02207732208787351,0.9259259259259259,0.9259259259259259,0.9259259259259259,0.8851851851851852,0.304954304954305,0.5983660020169401,0.06234413965087282,0.96,0.9811903169911887,0.7649516183886171,0.468348411105159,0.6789556319538654
2,3,VariationalAutoencoderFullWindow,test,Phase3_Channels18-28_window50_percentile99_epochs25_lr0.0001__2025-01-07_16-07-13,2025-01-07 16:24:56,50,subset,0.02442864690787086,0.9971428571428571,0.030349925636294725,0.9971428571428571,0.9971428571428571,0.9971428571428571,0.8886666666666666,0.300250566893424,0.6038819342173746,0.09107515657620041,0.9971098265895953,0.9915089048845473,0.7527399942814368,0.4652074594259784,0.6699271166632359
2,2,VariationalAutoencoderFullWindow,train,Phase2_Channels18-28_window50_percentile99_epochs25_lr0.0001__2025-01-07_16-18-06,2025-01-07 16:30:01,50,subset,0.03944451340078478,0.9036144578313253,0.048773378744667195,0.9036144578313253,0.9036144578313253,0.9036144578313253,0.6582329317269077,0.36052565239312223,0.5243299387148371,0.13611615245009073,1.0,0.9523861685333468,0.664032573278277,0.4975159942764756,0.622371529548705
2,2,VariationalAutoencoderFullWindow,val,Phase2_Channels18-28_window50_percentile99_epochs25_lr0.0001__2025-01-07_16-18-06,2025-01-07 16:30:01,50,subset,0.017596523083648192,0.9473684210526315,0.021893988529331894,0.9473684210526315,0.9473684210526315,0.9473684210526315,0.7587719298245613,0.3291334396597554,0.5619452315729992,0.08411214953271028,0.9411764705882353,0.9407599516205715,0.6618969191058615,0.5346242173287504,0.6318149322292755
2,2,VariationalAutoencoderFullWindow,test,Phase2_Channels18-28_window50_percentile99_epochs25_lr0.0001__2025-01-07_16-18-06,2025-01-07 16:30:01,50,subset,0.03363183955494689,0.9714285714285714,0.04167905667062348,0.9714285714285714,0.9714285714285714,0.9714285714285714,0.9082857142857143,0.25933632240775095,0.5727015895079894,0.13562026326286397,0.9970059880239521,0.9934507819026694,0.712217789367541,0.4765516865544932,0.6481160409714047
2,1,VariationalAutoencoderFullWindow,train,Phase1_Channels18-28_window50_percentile99_epochs25_lr0.0001__2025-01-07_16-24-43,2025-01-07 16:36:26,50,subset,0.041415179001533735,1.0,0.05123846124090339,1.0,1.0,1.0,0.8511904761904762,0.7164502164502163,0.7842893669961338,0.175,1.0,0.9999908316212242,0.6662204764341418,0.4361028556442058,0.6026234291116278
2,1,VariationalAutoencoderFullWindow,val,Phase1_Channels18-28_window50_percentile99_epochs25_lr0.0001__2025-01-07_16-24-43,2025-01-07 16:36:26,50,subset,0.032153521287124474,1.0,0.039871400130693166,1.0,1.0,1.0,0.6458333333333334,0.6666666666666666,0.6443381180223285,0.4444444444444444,1.0,0.9999956288416099,0.530697546618041,0.2572288001571848,0.43764291297280616
2,1,VariationalAutoencoderFullWindow,test,Phase1_Channels18-28_window50_percentile99_epochs25_lr0.0001__2025-01-07_16-24-43,2025-01-07 16:36:26,50,subset,0.009197454723352405,0.9828571428571429,0.011469984732070037,0.9828571428571429,0.9828571428571429,0.9828571428571429,0.898607709750567,0.4556137909709338,0.7234649539602475,0.128214685054044,0.695906432748538,0.7041347296555511,0.6399589618317956,0.5802309510454958,0.6270494754401615
2,3,VariationalAutoencoderLastEvent,train,Phase3_target_window50_percentile99_epochs25_lr0.0001__2025-01-07_16-31-04,2025-01-07 16:58:47,50,target,0.034992741218885924,0.9452054794520548,0.04333980250179626,0.9383561643835616,0.910958904109589,0.9265650635513649,0.719043056616586,0.3118205913072891,0.5399001956667385,0.10154525386313466,1.0,0.9950265227006356,0.7618838886744648,0.5476692316590707,0.7066075688602773
2,3,VariationalAutoencoderLastEvent,val,Phase3_target_window50_percentile99_epochs25_lr0.0001__2025-01-07_16-31-04,2025-01-07 16:58:47,50,target,0.028322744648701787,0.9285714285714286,0.03513551009687608,0.9285714285714286,0.9047619047619048,0.9183673469387755,0.8801587301587303,0.40531623212406054,0.6883099000874829,0.07471264367816093,1.0,0.9980323871317534,0.8219063353718846,0.4550344932892648,0.7077771777707582
2,3,VariationalAutoencoderLastEvent,test,Phase3_target_window50_percentile99_epochs25_lr0.0001__2025-01-07_16-31-04,2025-01-07 16:58:47,50,target,0.03524431859794177,0.9917127071823204,0.043667425839317806,0.9668508287292817,0.9380755064456723,0.953589515916864,0.8841975881970195,0.3174366756266554,0.6273963367040696,0.10072951739618406,0.9971751412429378,0.9905495113696977,0.7856756550857759,0.49488177857093635,0.7030525389958766
2,3,VariationalAutoencoderLastEvent,train,Phase2_target_window50_percentile99_epochs25_lr0.0001__2025-01-07_16-45-10,2025-01-07 17:15:04,50,target,0.024852997010111188,0.9452054794520548,0.03086336783955707,0.9212328767123288,0.9063926940639269,0.9119176105477477,0.7287391154276205,0.2977253698478324,0.5385732235555734,0.12909260991580918,0.8015267175572519,0.7968227040947283,0.6552163216666453,0.5965031929075127,0.6425668963589987
2,3,VariationalAutoencoderLastEvent,val,Phase2_target_window50_percentile99_epochs25_lr0.0001__2025-01-07_16-45-10,2025-01-07 17:15:04,50,target,0.009397392700819008,1.0,0.011719208375212608,0.9464285714285714,0.9404761904761905,0.9382086167800454,0.8725198412698413,0.3693513198433588,0.6700664846149493,0.12017167381974249,0.46153846153846156,0.4525692156838282,0.627964320400868,0.76540165775349,0.6513561307996486
2,3,VariationalAutoencoderLastEvent,test,Phase2_target_window50_percentile99_epochs25_lr0.0001__2025-01-07_16-45-10,2025-01-07 17:15:04,50,target,0.020896124795281797,0.9972375690607734,0.025984038551004264,0.9613259668508287,0.9436003683241253,0.9509068088142674,0.8915101642210027,0.3067530984552518,0.6236946179488806,0.12657784011220197,0.7365439093484419,0.7350152206472087,0.6739391086448252,0.5803606819070638,0.6528846438215691
2,1,VariationalAutoencoderLastEvent,train,Phase1_target_window50_percentile99_epochs25_lr0.0001__2025-01-07_16-59-46,2025-01-07 17:32:40,50,target,0.03850494127001592,1.0,0.0476722720783734,0.9642857142857143,1.0,0.9682539682539683,0.8501984126984128,0.5588924963924964,0.7649524584744378,0.0945945945945946,1.0,0.9999474929937092,0.7817888795527598,0.5023927168648422,0.7035371195591101
2,1,VariationalAutoencoderLastEvent,val,Phase1_target_window50_percentile99_epochs25_lr0.0001__2025-01-07_16-59-46,2025-01-07 17:32:40,50,target,0.021880031122260713,1.0,0.027201247865361284,0.41666666666666663,1.0,0.4700854700854701,0.6,0.4103535353535353,0.5360299201904253,1.0,1.0,0.9999720899894576,0.49225196282041705,0.8239851406814681,0.5353586177313123
2,1,VariationalAutoencoderLastEvent,test,Phase1_target_window50_percentile99_epochs25_lr0.0001__2025-01-07_16-59-46,2025-01-07 17:32:40,50,target,2.4163339659120897e-05,1.0,3.020399211657098e-05,0.34760589318600366,0.994705340699816,0.3946282141652504,0.5335337160456297,0.5714753511123799,0.5307353867446639,1.0,0.5083333333333333,0.5085030065222499,0.5137121271451883,0.9985992677274348,0.5689664241177035
2,2,VariationalAutoencoderLastEvent,train,Phase2_target_window50_percentile99_epochs25_lr0.0001__2025-01-07_17-26-11,2025-01-07 17:44:10,50,target,0.07252396214717695,0.9647058823529412,0.08898258554496274,0.9529411764705882,0.9274509803921568,0.9431881843646549,0.8024463118580766,0.2643932632620841,0.5456840270847853,0.08055009823182711,0.9875,0.976248395936088,0.7698749081481078,0.6538906723451413,0.743499188521605
2,2,VariationalAutoencoderLastEvent,val,Phase2_target_window50_percentile99_epochs25_lr0.0001__2025-01-07_17-26-11,2025-01-07 17:44:10,50,target,0.013091328910869858,0.9090909090909091,0.01630545960154846,0.7727272727272727,0.8181818181818182,0.7657090384363111,0.6325648036174353,0.3249088232341821,0.5080399497466376,0.07905138339920949,0.631578947368421,0.6315702381404672,0.6477265579827715,0.7161249798009675,0.6603406290352857
2,2,VariationalAutoencoderLastEvent,test,Phase2_target_window50_percentile99_epochs25_lr0.0001__2025-01-07_17-26-11,2025-01-07 17:44:10,50,target,0.014148573488877188,0.994475138121547,0.01762303535172213,0.962707182320442,0.9445211786372008,0.9526726917956199,0.9325458251222195,0.3194016115622902,0.655253837825352,0.10410641989589357,0.7352112676056338,0.7276432568893739,0.7265011622893618,0.7025588847474449,0.7215830431498267
2,3,VariationalAutoencoderLastEvent,train,Phase3_Channels18-28_window50_percentile99_epochs25_lr0.0001__2025-01-07_17-02-04,2025-01-07 17:56:15,50,subset,0.10304819126273744,0.9571428571428572,0.12543410826297122,0.9571428571428572,0.9571428571428572,0.9571428571428572,0.8859523809523809,0.4123069985569985,0.675019232799485,0.08048048048048048,1.0,0.9919893524088708,0.84598868777871,0.736448272316652,0.8215490027481824
2,3,VariationalAutoencoderLastEvent,val,Phase3_Channels18-28_window50_percentile99_epochs25_lr0.0001__2025-01-07_17-02-04,2025-01-07 17:56:15,50,subset,0.08629255100789844,0.9629629629629629,0.10550213768171698,0.9629629629629629,0.9629629629629629,0.9629629629629629,0.9074074074074074,0.2286355619688953,0.546132195544803,0.06951871657754011,1.0,0.9819206051535747,0.8989799494640642,0.7257059630459687,0.8580073354943334
2,3,VariationalAutoencoderLastEvent,test,Phase3_Channels18-28_window50_percentile99_epochs25_lr0.0001__2025-01-07_17-02-04,2025-01-07 17:56:15,50,subset,0.10120784809189358,0.9914285714285714,0.12336153600904905,0.9914285714285714,0.9914285714285714,0.9914285714285714,0.9570000000000002,0.2777450010307153,0.613991358689891,0.0891343436938094,1.0,0.9922132947186009,0.8874602491087176,0.7703649704582021,0.8612774583917904
2,2,VariationalAutoencoderLastEvent,train,Phase2_Channels18-28_window50_percentile99_epochs25_lr0.0001__2025-01-07_17-17-54,2025-01-07 18:00:44,50,subset,0.10247478870084503,0.9036144578313253,0.1245619844362989,0.9036144578313253,0.9036144578313253,0.9036144578313253,0.78714859437751,0.42341791408056473,0.6376138301339037,0.06234413965087282,1.0,0.9761255998348987,0.7548075684145817,0.6740268683096055,0.7371386652149661
2,2,VariationalAutoencoderLastEvent,val,Phase2_Channels18-28_window50_percentile99_epochs25_lr0.0001__2025-01-07_17-17-54,2025-01-07 18:00:44,50,subset,0.047174245391827595,0.8947368421052632,0.058200661541244,0.8947368421052632,0.8947368421052632,0.8947368421052632,0.7468671679197995,0.3868155236576289,0.581426289470363,0.10303030303030303,0.9333333333333333,0.9333325646197113,0.7465654312380728,0.6550741719400329,0.7262782293752655
2,2,VariationalAutoencoderLastEvent,test,Phase2_Channels18-28_window50_percentile99_epochs25_lr0.0001__2025-01-07_17-17-54,2025-01-07 18:00:44,50,subset,0.0898049180271619,0.9828571428571429,0.1097491669883646,0.9828571428571429,0.9828571428571429,0.9828571428571429,0.9320952380952381,0.260002886002886,0.5851562627918333,0.0885001286339079,1.0,0.9901440848247602,0.8359105473116246,0.7447055163268601,0.8159250712350445
2,1,VariationalAutoencoderLastEvent,train,Phase1_Channels18-28_window50_percentile99_epochs25_lr0.0001__2025-01-07_17-24-26,2025-01-07 18:06:29,50,subset,0.03478444769249603,1.0,0.043105707558168754,1.0,1.0,1.0,0.7273809523809522,0.764069264069264,0.7010193625100457,0.0880503144654088,1.0,0.9999927171107966,0.695631824591919,0.4814076188064913,0.6387809038913751
2,1,VariationalAutoencoderLastEvent,val,Phase1_Channels18-28_window50_percentile99_epochs25_lr0.0001__2025-01-07_17-24-26,2025-01-07 18:06:29,50,subset,0.03241667406522938,1.0,0.04019509476007216,1.0,1.0,1.0,0.9375,1.0,0.9473684210526316,0.36363636363636365,1.0,0.9999935464811065,0.5940825542595265,0.39891314049310755,0.5411324312130427
2,1,VariationalAutoencoderLastEvent,test,Phase1_Channels18-28_window50_percentile99_epochs25_lr0.0001__2025-01-07_17-24-26,2025-01-07 18:06:29,50,subset,0.012436854664013368,0.9971428571428571,0.01549774446294866,0.9971428571428571,0.9971428571428571,0.9971428571428571,0.8704501133786847,0.5284914450628736,0.7442629573890855,0.12323446327683615,0.6918604651162791,0.6894880162986361,0.6297067998066271,0.5716214937754552,0.6171641748843684
2,4,AutoEnconderFullWindow,train,Phase4_target_window50_percentile99_epochs25_lr0.0001__2025-01-07_20-36-49,2025-01-07 22:10:58,50,target,0.1804500858504347,0.94921875,0.21532889722505258,0.9375,0.9055989583333334,0.9224809478715728,0.9291259413329725,0.39772300184863996,0.7150812743461745,0.09759036144578313,1.0,0.994100319230776,0.9399734490090303,0.8859893100422431,0.9286566689751945
2,4,AutoEnconderFullWindow,val,Phase4_target_window50_percentile99_epochs25_lr0.0001__2025-01-07_20-36-49,2025-01-07 22:10:58,50,target,0.017215987660062458,1.0,0.02142775956401884,1.0,0.9814814814814815,0.9938271604938272,0.9917695473251029,0.4232185401776045,0.7746975893272895,0.09818181818181818,1.0,0.9985595523003132,0.9537370526142338,0.9380121477990123,0.9505500344399497
2,4,AutoEnconderFullWindow,test,Phase4_target_window50_percentile99_epochs25_lr0.0001__2025-01-07_20-36-49,2025-01-07 22:10:58,50,target,0.47069469413654696,0.9861878453038674,0.5256472146695584,0.9779005524861878,0.9449815837937384,0.9636446848118119,0.9750392639895401,0.41588082289492306,0.7475340777871449,0.10631328171530673,1.0,0.9916581176991082,0.9674238970646999,0.9432217151691625,0.962484607148187
2,4,AutoEnconderFullWindow,train,Phase4_target_window50_percentile99_epochs25_lr0.0001__2025-01-07_22-14-40,2025-01-07 23:53:39,50,target,0.5811355389637644,0.82421875,0.617562539725947,0.8203125,0.791015625,0.8074466765873016,0.8220811631944445,0.22366226216777713,0.5116360376004077,0.1651017214397496,0.9952380952380953,0.9904165714236348,0.9061483284352502,0.7827908795873046,0.8784615530966964
2,4,AutoEnconderFullWindow,val,Phase4_target_window50_percentile99_epochs25_lr0.0001__2025-01-07_22-14-40,2025-01-07 23:53:39,50,target,0.9285395205158123,0.9629629629629629,0.935225903335667,0.9629629629629629,0.9444444444444444,0.9567901234567903,0.9629629629629629,0.21803389646956897,0.5594695928449065,0.174496644295302,1.0,0.9984134875873077,0.9771033746083172,0.9379708982068065,0.9690178216110266
2,4,AutoEnconderFullWindow,test,Phase4_target_window50_percentile99_epochs25_lr0.0001__2025-01-07_22-14-40,2025-01-07 23:53:39,50,target,0.7864957354359731,0.9475138121546961,0.8141672354604689,0.9378453038674033,0.9072283609576426,0.9250144997727872,0.937281117823245,0.23299775929981476,0.5605673157997729,0.19313063063063063,1.0,0.9961962906133583,0.9496295241849672,0.9150170720889097,0.9424991204683862
